refinement_rank,paper_id,refined_status,refinement_score,priority,title,publication,year,category,collections,duplicate_group,pdf_path
1,P0002,completed_refined,280,145,A Blessing or a Curse? Teletriage Service in Healthcare,Management Science,2025,博弈论/理论模型,Game Theory; Intensive Reading,DUP001,C:\Users\Hi\Zotero\storage\VMI9LMQN\Guan et al. - 2025 - A Blessing or a Curse Teletriage Service in Healthcare.pdf
2,P0027,completed_refined,280,145,Product Safety and Liability with Deceptive Advertising and Moral Hazard,Marketing Science,2025,博弈论/理论模型,Game Theory; Intensive Reading,DUP002,C:\Users\Hi\Zotero\storage\2H57K6ED\Guan et al. - 2025 - Product Safety and Liability with Deceptive Advertising and Moral Hazard.pdf
3,P0949,completed_refined,259,127,Search and Competition in Expert Markets,RAND Journal of Economics、,2022,博弈论/理论模型,Game Theory; Intensive Reading,,C:\Users\Hi\Zotero\storage\EAYN3LS8\Cao et al. - Search and Competition in Expert Markets.pdf
4,P1980,completed_refined,239,125,Information design of online platforms,Management Science,2026,博弈论/理论模型,Game Theory,,C:\Users\Hi\Zotero\storage\KCQNYXUX\Ke et al. - 2026 - Information design of online platforms.pdf
5,P0993,completed_refined,238,125,Platform Certification and Seller Disclosure in Online Selling,Manufacturing & Service Operations Management,2025,博弈论/理论模型,Game Theory; Mates,,C:\Users\Hi\Zotero\storage\92V94GUB\Guan et al. - 2025 - Platform Certification and Seller Disclosure in Online Selling.pdf
6,P0084,completed_refined,234,123,"Beating the Algorithm: Consumer Manipulation, Personalized Pricing, and Big Data Management",Manufacturing & Service Operations Management,2023,博弈论/理论模型,Game Theory,,"C:\Users\Hi\Zotero\storage\CVHBS6MB\Li and Li - 2023 - Beating the Algorithm Consumer Manipulation, Personalized Pricing, and Big Data Management.pdf"
7,P0012,completed_refined,232,122,Quality Certification in Agricultural Supply Chains: Implications from Government Information Provision,Production and Operations Management,2022,博弈论/理论模型,Game Theory,,C:\Users\Hi\Zotero\storage\5SEKYEUP\Bian et al. - 2022 - Quality Certification in Agricultural Supply Chains Implications from Government Information Provis.pdf
8,P0005,completed_refined,230,125,"Distribution Strategy, Capability Investment, and Government Regulation",Production and Operations Management,2025,博弈论/理论模型,Game Theory,,"C:\Users\Hi\Zotero\storage\3AHQZY5Y\Yuan et al. - 2025 - Distribution Strategy, Capability Investment, and Government Regulation.pdf"
9,P0014,completed_refined,230,121,Supplier Encroachment with Multiple Retailers,Production and Operations Management,2021,博弈论/理论模型,Game Theory,,C:\Users\Hi\Zotero\storage\7PWP8Z96\Liu et al. - 2021 - Supplier Encroachment with Multiple Retailers.pdf
10,P0192,completed_refined,230,125,Blessing or Curse? Implications of Data Brokers for Publisher Competition,Information Systems Research,2025,博弈论/理论模型,Game Theory,,C:\Users\Hi\Zotero\storage\MCMWZCDW\Zhang et al. - 2025 - Blessing or Curse Implications of Data Brokers for Publisher Competition.pdf
11,P0262,completed_refined,230,125,On the Profitability of Loyalty,Marketing Science,2025,博弈论/理论模型,Game Theory,,C:\Users\Hi\Zotero\storage\2VBYIPFE\Lei et al. - 2025 - On the Profitability of Loyalty.pdf
12,P0004,completed_refined,228,124,Counterfeit Competition With Strategic Consumers,Production and Operations Management,2024,博弈论/理论模型,Game Theory,,C:\Users\Hi\Zotero\storage\RJCWHFJH\Ding et al. - 2024 - Counterfeit Competition With Strategic Consumers.pdf
13,P0016,completed_refined,228,120,Inducing Consumer Online Reviews Via Disclosure,Production and Operations Management,2020,博弈论/理论模型,Game Theory,,C:\Users\Hi\Zotero\storage\5PPVD6KN\Guan et al. - 2020 - Inducing Consumer Online Reviews Via Disclosure.pdf
14,P0018,completed_refined,228,120,Inducing Supply Chain Transparency through Supplier Encroachment,Production and Operations Management,2020,博弈论/理论模型,Game Theory,,C:\Users\Hi\Zotero\storage\M2DU9EYK\Guan et al. - 2020 - Inducing Supply Chain Transparency through Supplier Encroachment.pdf
15,P0020,completed_refined,228,120,The Acquisition of Quality Information in a Supply Chain with Voluntary vs. Mandatory Disclosure,Production and Operations Management,2020,博弈论/理论模型,Game Theory,,C:\Users\Hi\Zotero\storage\Z97WXA7Y\Cao et al. - 2020 - The Acquisition of Quality Information in a Supply Chain with Voluntary vs. Mandatory Disclosure.pdf
16,P0141,completed_refined,228,124,Group Buying Between Competitors: Exogenous and Endogenous Power Structures,Production and Operations Management,2024,博弈论/理论模型,Game Theory,,C:\Users\Hi\Zotero\storage\737G8UD3\Fu et al. - 2024 - Group Buying Between Competitors Exogenous and Endogenous Power Structures.pdf
17,P0268,completed_refined,228,115,Green Disposable Packaging and Communication: The Implications of Bring-Your-Own-Container,Manufacturing & Service Operations Management,2025,博弈论/理论模型,Game Theory,DUP008,C:\Users\Hi\Zotero\storage\GRM9PX6H\Peng et al. - 2025 - Green Disposable Packaging and Communication The Implications of Bring-Your-Own-Container.pdf
18,P1028,completed_refined,226,123,"Improving Access to Rare Disease Treatments: Subsidy, Pricing, and Payment Schemes",Management Science,2023,博弈论/理论模型,Game Theory,,"C:\Users\Hi\Zotero\storage\9FFZ2HPQ\Olsder et al. - 2023 - Improving Access to Rare Disease Treatments Subsidy, Pricing, and Payment Schemes.pdf"
19,P1918,completed_refined,226,130,C2C共享平台供应链定价策略研究：基于差异化销售模式的影响分析,管理科学学报,2026,博弈论/理论模型,Game Theory; Intensive Reading; Mates,,C:\Users\Hi\Zotero\storage\7VNG5CWM\20260110.pdf
20,P0163,completed_refined,225,125,"Startup Accelerators, Information Asymmetry, and Corporate Venture Capital Investments",Management Science,2025,实证,Business Administration; CVC Investment Logic; Graduation Thesis; Intensive Reading,DUP006,"C:\Users\Hi\Zotero\storage\2E9T48TQ\Mayya and Huang - 2025 - Startup Accelerators, Information Asymmetry, and Corporate Venture Capital Investments.pdf"
21,P1548,completed_refined,225,130,后发集成企业的创新策略与供应商选择——基于中国手机行业山寨化向品牌化转型的理论探索,管理科学学报,2025,博弈论/理论模型,Game Theory; Intensive Reading,,C:\Users\Hi\Zotero\storage\8AXJD8D4\20250504.pdf
22,P0023,completed_refined,224,118,Retailer Information Sharing with Supplier Encroachment,Production and Operations Management,2018,博弈论/理论模型,Game Theory,,C:\Users\Hi\Zotero\storage\CYRADN82\Huang et al. - 2018 - Retailer Information Sharing with Supplier Encroachment.pdf
23,P0130,completed_refined,224,122,The Strategic Benefit of Request for Proposal/Quotation,Operations Research,2022,博弈论/理论模型,Game Theory,,C:\Users\Hi\Zotero\storage\9GW85F6E\Chu et al. - 2022 - The Strategic Benefit of Request for ProposalQuotation.pdf
24,P0193,completed_refined,224,122,Customization and Returns,Management Science,2022,博弈论/理论模型,Game Theory,,C:\Users\Hi\Zotero\storage\IFWAFWCR\Esenduran et al. - 2022 - Customization and Returns.pdf
25,P0952,completed_refined,224,122,Product Selling vs. Pay-Per-Use Service: A Strategic Analysis of Competing Business Models,Management Science,2022,博弈论/理论模型,Game Theory,,C:\Users\Hi\Zotero\storage\A99DTKE4\Ladas et al. - 2022 - Product Selling vs. Pay-Per-Use Service A Strategic Analysis of Competing Business Models.pdf
26,P0025,completed_refined,222,117,The Interplay between Information Acquisition and Quality Disclosure,Production and Operations Management,2017,博弈论/理论模型,Game Theory,,C:\Users\Hi\Zotero\storage\4XUGNWDC\Guan and Chen - 2017 - The Interplay between Information Acquisition and Quality Disclosure.pdf
27,P0029,completed_refined,222,112,Seller Organization and Percentage Fee Design in the Daily Deal Market,Information Systems Research,2022,博弈论/理论模型,Game Theory,DUP003,C:\Users\Hi\Zotero\storage\ISPRVCJN\Tang and Guan - 2022 - Seller Organization and Percentage Fee Design in the Daily Deal Market.pdf
28,P1022,completed_refined,222,121,Informing the Public About a Pandemic,Management Science,2021,博弈论/理论模型,Game Theory,,C:\Users\Hi\Zotero\storage\4Q77U757\De Véricourt et al. - 2021 - Informing the Public About a Pandemic.pdf
29,P1026,completed_refined,222,117,Information Sharing in Competing Supply Chains with Production Cost Reduction,Manufacturing & Service Operations Management,2017,博弈论/理论模型,Game Theory,,C:\Users\Hi\Zotero\storage\UCZ2H6Z6\Ha et al. - 2017 - Information Sharing in Competing Supply Chains with Production Cost Reduction.pdf
30,P0103,completed_refined,220,116,Provision of Incentives for Information Acquisition: Forecast-Based Contracts vs. Menus of Linear Contracts,Management Science,2016,博弈论/理论模型,Game Theory,,C:\Users\Hi\Zotero\storage\686UC2Q8\Chen et al. - 2016 - Provision of Incentives for Information Acquisition Forecast-Based Contracts vs. Menus of Linear Co.pdf
31,P0090,completed_refined,218,114,Tariff Hedging with a New Supplier? An Analysis of Sourcing Strategies Under Competition,Production and Operations Management,2024,博弈论/理论模型,Game Theory,DUP004,C:\Users\Hi\Zotero\storage\VD34ACML\Wu et al. - 2024 - Tariff Hedging with a New Supplier An Analysis of Sourcing Strategies Under Competition.pdf
32,P0104,completed_refined,218,119,On the Competition between Two Modes of Product Recovery: Remanufacturing and Refurbishing,Production and Operations Management,2019,博弈论/理论模型,Game Theory,,C:\Users\Hi\Zotero\storage\BVU7HLVU\Chen and Chen - 2019 - On the Competition between Two Modes of Product Recovery Remanufacturing and Refurbishing.pdf
33,P0110,completed_refined,218,115,Coordinating Supply Chains with Simple Pricing Schemes: The Role of Vendor-Managed Inventories,Management Science,2006,博弈论/理论模型,Game Theory,,C:\Users\Hi\Zotero\storage\Z866TBDJ\Bernstein et al. - 2006 - Coordinating Supply Chains with Simple Pricing Schemes The Role of Vendor-Managed Inventories.pdf
34,P0113,completed_refined,218,115,Quantifying the Value of Leadtime Information in a Single-Location Inventory System,Manufacturing & Service Operations Management,2005,博弈论/理论模型,Game Theory,,C:\Users\Hi\Zotero\storage\VW5X9E8W\Chen and Yu - 2005 - Quantifying the Value of Leadtime Information in a Single-Location Inventory System.pdf
35,P0115,completed_refined,218,115,"Salesforce Incentives, Market Information, and Production/Inventory Planning",Management Science,2005,博弈论/理论模型,Game Theory,,"C:\Users\Hi\Zotero\storage\WMAHRFSB\Chen - 2005 - Salesforce Incentives, Market Information, and ProductionInventory Planning.pdf"
36,P0117,completed_refined,218,115,Coordination Mechanisms for a Distribution System with One Supplier and Multiple Retailers,Management Science,2001,博弈论/理论模型,Game Theory,,C:\Users\Hi\Zotero\storage\I6FKKCK5\Chen et al. - 2001 - Coordination Mechanisms for a Distribution System with One Supplier and Multiple Retailers.pdf
37,P0191,completed_refined,216,118,Pricing with Cookies: Behavior-Based Price Discrimination and Spatial Competition,Management Science,2018,博弈论/理论模型,Game Theory,,C:\Users\Hi\Zotero\storage\Z25SQ8JM\Choe et al. - 2018 - Pricing with Cookies Behavior-Based Price Discrimination and Spatial Competition.pdf
38,P0264,completed_refined,214,117,Entry of Copycats of Luxury Brands,Marketing Science,2017,博弈论/理论模型,Game Theory,,C:\Users\Hi\Zotero\storage\IUDNXGNS\Gao et al. - 2017 - Entry of Copycats of Luxury Brands.pdf
39,P0978,completed_refined,214,117,Competing with Copycats When Customers Are Strategic,Manufacturing & Service Operations Management,2017,博弈论/理论模型,Game Theory,,C:\Users\Hi\Zotero\storage\7WNNW3U3\Pun and DeYong - 2017 - Competing with Copycats When Customers Are Strategic.pdf
40,P0106,completed_refined,210,115,Auctioning Supply Contracts,Management Science,2007,博弈论/理论模型,Game Theory,,C:\Users\Hi\Zotero\storage\QXKWPJB7\Chen - 2007 - Auctioning Supply Contracts.pdf
41,P0108,completed_refined,210,115,Managing Downstream Competition via Capacity Allocation,Production and Operations Management,2013,博弈论/理论模型,Game Theory,,C:\Users\Hi\Zotero\storage\ZZQGZ927\Chen et al. - 2013 - Managing Downstream Competition via Capacity Allocation.pdf
42,P0062,completed_refined,203,105,Information Distortion in a Supply Chain: The Bullwhip Effect,Management Science,2004,博弈论/理论模型,Classic; Intensive Reading,,C:\Users\Hi\Zotero\storage\79XH7Q7D\Lee et al. - 2004 - Information Distortion in a Supply Chain The Bullwhip Effect.pdf
43,P0069,completed_refined,203,105,Supply Chain Coordination with Revenue-Sharing Contracts: Strengths and Limitations,Management Science,2005,博弈论/理论模型,Classic; Intensive Reading,,C:\Users\Hi\Zotero\storage\YZI59FMN\Cachon and Lariviere - 2005 - Supply Chain Coordination with Revenue-Sharing Contracts Strengths and Limitations.pdf
44,P1878,completed_refined,184,105,Platform disintermediation: information effects and pricing remedies,Operations Research,2026,博弈论/理论模型,Group Discussion,,C:\Users\Hi\Zotero\storage\K63NJAF4\Sekar and Siddiq - 2026 - Platform Disintermediation Information Effects and Pricing Remedies.pdf
45,P1653,completed_refined,183,105,Vertical Competition on a Common Platform,Marketing Science,2025,博弈论/理论模型,Group Discussion,,C:\Users\Hi\Zotero\storage\6I9ILJQ5\Puyang et al. - 2025 - Vertical Competition on a Common Platform.pdf
46,P1843,completed_refined,183,105,Platform disintermediation with repeated transactions,Management Science,2025,博弈论/理论模型,Group Discussion,,C:\Users\Hi\Zotero\storage\CHF8C3A4\Enache and Rhodes - 2025 - Platform Disintermediation with Repeated Transactions.pdf
47,P1903,completed_refined,183,105,Automated Targeted Bidding for Sponsored Ads on E-Commerce Platforms,Marketing Science,2025,博弈论/理论模型,Group Discussion,,C:\Users\Hi\Zotero\storage\N69LJKIS\Saremi and Subramanian - 2025 - Automated Targeted Bidding for Sponsored Ads on E-Commerce Platforms.pdf
48,P0064,completed_refined,175,105,Decision Bias in the Newsvendor Problem with a Known Demand Distribution: Experimental Evidence,Management Science,2000,算法/优化/运筹模型,Classic; Intensive Reading,,C:\Users\Hi\Zotero\storage\RK8QY9JZ\Schweitzer and Cachon - 2000 - Decision Bias in the Newsvendor Problem with a Known Demand Distribution Experimental Evidence.pdf
49,P1651,completed_refined,175,105,Privacy and Polarization: An Inference-Based Framework,Management Science,2025,博弈论/理论模型,Group Discussion,,C:\Users\Hi\Zotero\storage\H52BS7I9\Bondi et al. - 2025 - Privacy and Polarization An Inference-Based Framework.pdf
50,P1030,completed_refined,173,100,Platform's role in green vs. non-green product competition: Blockchain transparency and selling contract selection,International Journal of Production Economics,2025,博弈论/理论模型,Game Theory,,C:\Users\Hi\Zotero\storage\JHVMXYHR\Wu et al. - 2025 - Platform's role in green vs. non-green product competition Blockchain transparency and selling cont.pdf
51,P1678,completed_refined,173,95,Data and Algorithms: Strategic Disclosure of Competitiveness on Platforms Through Marketplace Analytics,Marketing Science,2025,博弈论/理论模型,Group Discussion,DUP015,C:\Users\Hi\Zotero\storage\L3JXFL7H\Liu and Long - 2025 - Data and Algorithms Strategic Disclosure of Competitiveness on Platforms Through Marketplace Analyt.PDF
52,P1668,completed_refined,170,100,The Power of Disagreement: A Field Experiment to Investigate Human–Algorithm Collaboration in Loan Evaluations,Management Science,2025,实证,Empirical,,C:\Users\Hi\Zotero\storage\95BQCPKI\Wang et al. - 2025 - The Power of Disagreement A Field Experiment to Investigate Human–Algorithm Collaboration in Loan E.pdf
53,P0126,completed_refined,168,99,Improving Convenience or Saving Face? An Empirical Analysis of the Use of Facial Recognition Payment Technology in Retail,Information Systems Research,2024,实证,Empirical,,C:\Users\Hi\Zotero\storage\KKN5Y4YX\Gao et al. - 2024 - Improving Convenience or Saving Face An Empirical Analysis of the Use of Facial Recognition Payment.pdf
54,P0266,completed_refined,167,105,The Illusion of Authenticity in Online Reviews: Truth Bias and the Role of Valence,Information Systems Research,2025,实证,Business Administration,,C:\Users\Hi\Zotero\storage\UI2WMH7M\Yin et al. - 2025 - The Illusion of Authenticity in Online Reviews Truth Bias and the Role of Valence.pdf
55,P1551,completed_refined,165,100,保持神秘还是公开透明？奢侈品的质量披露策略研究,中国管理科学,2025,博弈论/理论模型,Game Theory,,C:\Users\Hi\Zotero\storage\NAWKL2FH\丁 et al. - 2025 - 保持神秘还是公开透明？奢侈品的质量披露策略研究.pdf
56,P2031,completed_refined,164,85,Backfiring AI? AI deployment in workplace,Management Science,2026,博弈论/理论模型,Frontier,,C:\Users\Hi\Zotero\storage\5WX86M5Q\Yuan et al. - 2026 - Backfiring AI AI Deployment in Workplace.pdf
57,P0250,completed_refined,163,99,The Dark Side of Voluntary Data Sharing,MIS Quarterly,2024,博弈论/理论模型,Game Theory,,C:\Users\Hi\Zotero\storage\L5V6Y45J\Li et al. - 2024 - The Dark Side of Voluntary Data Sharing.pdf
58,P1664,completed_refined,163,99,The Strategic Value of Data Sharing in Interdependent Markets,SSRN Electronic Journal,2024,博弈论/理论模型,Game Theory,,C:\Users\Hi\Zotero\storage\55DDD3T4\Bhargava et al. - 2024 - The Strategic Value of Data Sharing in Interdependent Markets.pdf
59,P1032,completed_refined,162,100,How Does Prepopulating Search Bars with Keywords Affect Online Consumer Behavior? A Field Experiment,Marketing Science,2025,实证,Empirical,,C:\Users\Hi\Zotero\storage\ZHPCZKIC\Sun - 2025 - How Does Prepopulating Search Bars with Keywords Affect Online Consumer Behavior A Field Experiment.pdf
60,P1616,completed_refined,161,102,Tax-Induced Inequalities in the Sharing Economy,Management Science,2022,实证,Group Discussion,,C:\Users\Hi\Zotero\storage\QLUL3A5P\Cui and Davis - 2022 - Tax-Induced Inequalities in the Sharing Economy.pdf
61,P1898,completed_refined,159,103,Cold start to improve market thickness on online advertising platforms: data-driven algorithms and field experiments,Management Science,2023,混合方法,Group Discussion,,C:\Users\Hi\Zotero\storage\GI52J553\Ye et al. - 2023 - Cold Start to Improve Market Thickness on Online Advertising Platforms Data-Driven Algorithms and F.pdf
62,P1039,completed_refined,158,108,Harvesting or Nurturing? Corporate Venture Capital and Startup Green Innovation,Academy of Management Proceedings,2023,实证,Business Administration; Graduation Thesis; Intensive Reading,,C:\Users\Hi\Zotero\storage\9RMJTVZU\Wunder and Maula - 2023 - Harvesting or Nurturing Corporate Venture Capital and Startup Green Innovation.pdf
63,P0671,completed_refined,156,97,Promoting Mobile Payment with Price Incentives,Management Science,2022,实证,Empirical,,C:\Users\Hi\Zotero\storage\SMC7TX4F\Ho et al. - 2022 - Promoting Mobile Payment with Price Incentives.pdf
64,P1934,completed_refined,156,85,Quality verification in the presence of review bias,Production and Operations Management,2026,博弈论/理论模型,Mates,,C:\Users\Hi\Zotero\storage\GQIPQK9W\Quality Verification in the Presence of Review Bias(科研通-ablesci.com).pdf
65,P2025,completed_refined,156,85,Dynamic Pricing and Product Quality with Review-Driven Learning,Production and Operations Management,2026,博弈论/理论模型,Frontier,,C:\Users\Hi\Zotero\storage\WDK8DZK3\Yan 等 - 2026 - Dynamic Pricing and Product Quality with Review-Driven Learning.pdf
66,P0098,completed_refined,153,90,Push or Pull Supply Chains when Members’ Overconfidence is Considered?,,,博弈论/理论模型,Game Theory,,C:\Users\Hi\Zotero\storage\JU6QEQ4F\Ru - Push or Pull Supply Chains when Members’ Overconfidence is Considered.pdf
67,P0118,skipped_duplicate,153,90,Game Theory and Information Economics,,,博弈论/理论模型,Game Theory,,C:\Users\Hi\Zotero\storage\J8VQJJLZ\Yang - Game Theory and Information Economics.pdf
68,P1726,skipped_duplicate,153,90,Platform Disintermediation: Information Effects and Pricing Remedies,,,博弈论/理论模型,Game Theory,,C:\Users\Hi\Zotero\storage\NJJLQL2I\Sekar and Siddiq - Platform Disintermediation Information Effects and Pricing Remedies.pdf
69,P0031,completed_refined,151,83,Managing Outpatient Service with Strategic Walk-ins,Management Science,2023,博弈论/理论模型,Model,,C:\Users\Hi\Zotero\storage\SLILAJP8\Liu et al. - 2023 - Managing Outpatient Service with Strategic Walk-ins.pdf
70,P0007,completed_refined,149,82,Before It’s Too Late: Product Recall Delays and Policy Design,Manufacturing & Service Operations Management,2022,博弈论/理论模型,,,C:\Users\Hi\Zotero\storage\UWDNQPG8\Mao et al. - 2022 - Before It’s Too Late Product Recall Delays and Policy Design.pdf
71,P1557,completed_refined,149,92,碳交易背景下存在顾客环保偏好的双企业竞争策略研究,中国管理科学,2017,博弈论/理论模型,Game Theory,,C:\Users\Hi\Zotero\storage\CIQGWQZH\邓 et al. - 2017 - 碳交易背景下存在顾客环保偏好的双企业竞争策略研究.pdf
72,P0873,completed_refined,147,85,Leveraging Context: Re-Thinking Research Processes to Make “Contributions to Theory”,Information Systems Research,2025,实证,Classic,,C:\Users\Hi\Zotero\storage\P9VXCH7M\Venkatesh - 2025 - Leveraging Context Re-Thinking Research Processes to Make “Contributions to Theory”.pdf
73,P1020,completed_refined,147,85,"What Do We Know About the Science of Science in Business and Economics? Insights From the Top 50 Journals, 2008–2022",Production and Operations Management,2025,实证,Management Science,,C:\Users\Hi\Zotero\storage\Q5K53SVQ\Mithas et al. - 2025 - What Do We Know About the Science of Science in Business and Economics Insights From the Top 50 Jou.pdf
74,P1899,completed_refined,147,95,From Density to Destiny: Using Spatial Dimension of Sales Data for Early Prediction of New Product Success,Marketing Science,2004,实证,Group Discussion,,C:\Users\Hi\Zotero\storage\K9R8I8WK\Garber et al. - 2004 - From Density to Destiny Using Spatial Dimension of Sales Data for Early Prediction of New Product S.pdf
75,P0132,completed_refined,145,90,The Behavioral Promise and Pitfalls in Compensating Store Managers,,,博弈论/理论模型,Game Theory,,C:\Users\Hi\Zotero\storage\JGFM6HJ8\Li et al. - The Behavioral Promise and Pitfalls in Compensating Store Managers.pdf
76,P0134,completed_refined,145,80,Product Sourcing and Distribution Strategies under Supply Disruption and Recall Risks,Production and Operations Management,2020,博弈论/理论模型,Model,,C:\Users\Hi\Zotero\storage\5EAICMRW\He et al. - 2020 - Product Sourcing and Distribution Strategies under Supply Disruption and Recall Risks.pdf
77,P1649,completed_refined,145,95,Third-Party Software Development Kit Utilization and Mobile App Market Performance,Information Systems Research,2025,混合方法,Group Discussion,DUP014,C:\Users\Hi\Zotero\storage\GC9LFYE3\Xia et al. - 2025 - Third-Party Software Development Kit Utilization and Mobile App Market Performance.pdf
78,P2027,completed_refined,145,76,Behavior-Based Pricing: An Analysis of the Impact of Peer-Induced Fairness,Management Science,2016,博弈论/理论模型,BBP,,C:\Users\Hi\Zotero\storage\2GG4JXGW\Li和Jain - 2016 - Behavior-Based Pricing An Analysis of the Impact of Peer-Induced Fairness.pdf
79,P0052,completed_refined,143,75,Combined Pricing and Inventory Control under Uncertainty,Operations Research,1999,博弈论/理论模型,Classic,,C:\Users\Hi\Zotero\storage\T2TBIBDE\Federgruen and Heching - 1999 - Combined Pricing and Inventory Control under Uncertainty.pdf
80,P1358,completed_refined,142,100,The Effect of Mergers in Search Markets: Evidence from the Canadian Mortgage Industry,The American Economic Review,2014,实证,IO; Intensive Reading,,C:\Users\Hi\Zotero\storage\9I8RGSWI\Allen et al. - 2014 - The Effect of Mergers in Search Markets Evidence from the Canadian Mortgage Industry.pdf
81,P0827,completed_refined,141,84,Online Advertisement Allocation Under Customer Choices and Algorithmic Fairness,Management Science,2024,算法/优化/运筹模型,Algorithm,,C:\Users\Hi\Zotero\storage\73YHNQ3C\Li et al. - 2024 - Online Advertisement Allocation Under Customer Choices and Algorithmic Fairness.pdf
82,P0957,completed_refined,140,105,Approximating purchase propensities and reservation prices from broad consumer tracking,International Economic Review,2020,混合方法,IO; Intensive Reading,,C:\Users\Hi\Zotero\storage\UVLSNAWY\Shiller - 2020 - APPROXIMATING PURCHASE PROPENSITIES AND RESERVATION PRICES FROM BROAD CONSUMER TRACKING.pdf
83,P0950,completed_refined,138,80,Truthful disclosure of information,The Bell Journal of Economics,1982,博弈论/理论模型,Classic; Intensive Reading,,C:\Users\Hi\Zotero\storage\CSQLP87R\Jovanovic-TruthfulDisclosureInformation-1982.pdf
84,P0128,completed_refined,137,82,On-Demand Meal Delivery Platforms: Operational Level Data and Research Opportunities,Manufacturing & Service Operations Management,2022,混合方法,Theory/Review,,C:\Users\Hi\Zotero\storage\3SEKEZE3\Mao et al. - 2022 - On-Demand Meal Delivery Platforms Operational Level Data and Research Opportunities.pdf
85,P0972,completed_refined,136,87,从双重差分法到事件研究法,产业经济评论,2022,实证,Economics; Intensive Reading,,C:\Users\Hi\Zotero\storage\U9LFVZNA\从双重差分法到事件研究法.pdf
86,P1355,completed_refined,136,78,Distorted Innovation: Does the Market Get the Direction of Technology Right?,AEA Papers and Proceedings,2023,博弈论/理论模型,Economics; Intensive Reading,DUP012,C:\Users\Hi\Zotero\storage\HDVUQY4X\Acemoglu - Distorted Innovation Does the Market Get the Direction of Technology Right.pdf
87,P0050,completed_refined,135,75,Optimal Dynamic Pricing of Inventories with Stochastic Demand over Finite Horizons,Management Science,1994,博弈论/理论模型,Classic,,C:\Users\Hi\Zotero\storage\5FRB62MC\Gallego and van Ryzin - 1994 - Optimal Dynamic Pricing of Inventories with Stochastic Demand over Finite Horizons.pdf
88,P0035,completed_refined,133,84,Treatment Planning for Victims with Heterogeneous Time Sensitivities in Mass Casualty Incidents,Operations Research,2024,算法/优化/运筹模型,Model,,C:\Users\Hi\Zotero\storage\UQAEJ2Z8\Shi et al. - 2024 - Treatment Planning for Victims with Heterogeneous Time Sensitivities in Mass Casualty Incidents.pdf
89,P0039,completed_refined,133,84,Design of Patient Visit Itineraries in Tandem Systems,Manufacturing & Service Operations Management,2024,算法/优化/运筹模型,Model,,C:\Users\Hi\Zotero\storage\YKYMHXRG\Liu et al. - 2024 - Design of Patient Visit Itineraries in Tandem Systems.pdf
90,P0095,completed_refined,133,73,Trade networks and firm value: Evidence from the U.S.-China trade war,Journal of International Economics,2023,实证,Frontier,DUP005,C:\Users\Hi\Zotero\storage\VHDD78QE\trade_war_stock_jie.pdf
91,P0122,completed_refined,133,84,Feature-Based Inventory Control with Censored Demand,Manufacturing & Service Operations Management,2024,算法/优化/运筹模型,Model,,C:\Users\Hi\Zotero\storage\SJ587SI5\Ding et al. - 2024 - Feature-Based Inventory Control with Censored Demand.pdf
92,P0139,completed_refined,131,83,Joint pricing and inventory management under minimax regret,Production and Operations Management,2023,算法/优化/运筹模型,Model,,C:\Users\Hi\Zotero\storage\M38279DU\Li and Lu - 2023 - Joint pricing and inventory management under minimax regret.pdf
93,P1089,completed_refined,130,100,"Search, Obfuscation, and Price Elasticities on the Internet",Econometrica,2009,混合方法,IO; Intensive Reading,,C:\Users\Hi\Zotero\storage\SWQ4H3WX\Econometrica - 2009 - Ellison - Search  Obfuscation  and Price Elasticities on the Internet.pdf
94,P1377,completed_refined,130,100,Theories of Cartel Stability and the Joint Executive Committee,The RAND Journal of Economics,1994,混合方法,IO; Intensive Reading,,C:\Users\Hi\Zotero\storage\4IBNHZLN\Ellison - 1994 - Theories of Cartel Stability and the Joint Executive Committee.pdf
95,P0101,completed_refined,127,81,Reflections on the Evolution of Operations Management,Management Science,2021,混合方法,,,C:\Users\Hi\Zotero\storage\P7YWTIGY\Graves - 2021 - Reflections on the Evolution of Operations Management.pdf
96,P0058,completed_refined,123,79,The Big Data Newsvendor: Practical Insights from Machine Learning,Operations Research,2019,混合方法,,,C:\Users\Hi\Zotero\storage\V8647A4G\Ban and Rudin - 2019 - The Big Data Newsvendor Practical Insights from Machine Learning.pdf
97,P0071,skipped_duplicate,123,79,The Big Data Newsvendor: Practical Insights from Machine Learning,Operations Research,2019,混合方法,Classic,,C:\Users\Hi\Zotero\storage\9W784HLC\Ban and Rudin - 2019 - The Big Data Newsvendor Practical Insights from Machine Learning.pdf
98,P0144,completed_refined,123,75,Inventory and Production Decisions for an Assemble-to-Order System with Uncertain Demand and Limited Assembly Capacity,Operations Research,2006,混合方法,Model,,C:\Users\Hi\Zotero\storage\SUPVSHRB\Fu et al. - 2006 - Inventory and Production Decisions for an Assemble-to-Order System with Uncertain Demand and Limited.pdf
99,P1655,completed_refined,118,80,Regulating Digital Platform Ecosystems Through Data sharing and Data Siloing: Consequences for Innovation and Welfare,MIS Quarterly,2025,博弈论/理论模型,Group Discussion,,C:\Users\Hi\Zotero\storage\MV2SFLNT\Krämer and Shekhar - 2025 - Regulating Digital Platform Ecosystems Through Data sharing and Data Siloing Consequences for Innov.PDF
100,P0037,completed_refined,115,75,Competitive Two-Agent Scheduling and Its Applications,Operations Research,2010,算法/优化/运筹模型,Model,,C:\Users\Hi\Zotero\storage\SN8LI3E2\Leung et al. - 2010 - Competitive Two-Agent Scheduling and Its Applications.pdf
101,P0043,completed_refined,115,75,The Price of Robustness,Operations Research,2004,混合方法,Classic,,C:\Users\Hi\Zotero\storage\UKMMK6WV\Bertsimas and Sim - 2004 - The Price of Robustness.pdf
102,P1609,completed_refined,115,85,Faster Deliveries and Smarter Order Assignments for an On-Demand Meal Delivery Platform,Journal of Operations Management,2025,实证,Algorithm,,C:\Users\Hi\Zotero\storage\QI6UPCAZ\Mao et al. - 2025 - Faster Deliveries and Smarter Order Assignments for an On-Demand Meal Delivery Platform.pdf
103,P1459,completed_refined,114,78,Competition in Pricing Algorithms,American Economic Journal: Microeconomics,2023,博弈论/理论模型,IO,,C:\Users\Hi\Zotero\storage\NJ2SWB3S\Brown and MacKay - 2023 - Competition in Pricing Algorithms.pdf
104,P1643,completed_refined,114,78,Price Caps by Matching Platforms: The Case of Ticket Resales,SSRN Electronic Journal,2023,博弈论/理论模型,Group Discussion,,C:\Users\Hi\Zotero\storage\QAG4FYWH\He and Lin - 2023 - Price Caps by Matching Platforms The Case of Ticket Resales.pdf
105,P0150,completed_refined,110,76,Deceptive signaling on globalized digital platforms: Institutional hypnosis and firm internationalization,Journal of International Business Studies,2021,博弈论/理论模型,Business Administration,,C:\Users\Hi\Zotero\storage\VPV8GM7J\Deng et al. - 2021 - Deceptive signaling on globalized digital platforms Institutional hypnosis and firm internationaliz.pdf
106,P0314,completed_refined,108,79,企业供应链风险感知与合作关系稳定性,管理世界,2024,博弈论/理论模型,Business Administration,,C:\Users\Hi\Zotero\storage\LBJ4YXXD\企业供应链风险感知与合作关系稳定性.pdf
107,P1619,completed_refined,106,78,Examining the Impact of Generative AI on Users’ Voluntary Knowledge Contribution: Evidence from A Natural Experiment on Stack Overflow,SSRN Electronic Journal,2023,实证,Group Discussion,,C:\Users\Hi\Zotero\storage\MQG32KVZ\Shan and Qiu - 2023 - Examining the Impact of Generative AI on Users’ Voluntary Knowledge Contribution Evidence from A Na.pdf
108,P1906,completed_refined,106,78,The effects of personal data management on competition and welfare,SSRN Electronic Journal,2023,博弈论/理论模型,Group Discussion,,C:\Users\Hi\Zotero\storage\4U23WVYE\Cong and Matsushima - 2023 - The Effects of Personal Data Management on Competition and Welfare.pdf
109,P1356,completed_refined,104,77,Intermediation and Competition in Search Markets: An Empirical Case Study,Journal of Political Economy,2022,博弈论/理论模型,IO,,C:\Users\Hi\Zotero\storage\NR3QMPT3\Salz - 2022 - Intermediation and Competition in Search Markets An Empirical Case Study.pdf
110,P1646,completed_refined,104,68,“Sherlocking” and Platform Information Policy,SSRN Electronic Journal,2023,博弈论/理论模型,Group Discussion,DUP011,C:\Users\Hi\Zotero\storage\GRXWS5NS\Choi et al. - 2023 - “Sherlocking” and Platform Information Policy.pdf
111,P1361,completed_refined,103,80,Growing bigger or becoming stronger: A response of downstream manufacturing firms to the coal price shock,International Journal of Industrial Organization,2026,实证,IO,,C:\Users\Hi\Zotero\storage\4ANZ77SI\Hou et al. - 2026 - Growing bigger or becoming stronger A response of downstream manufacturing firms to the coal price.pdf
112,P1657,completed_refined,103,80,CO2 emission regulation and generation allocation with heterogeneous coal-fired generators,Journal of Development Economics,2026,实证,IO,,C:\Users\Hi\Zotero\storage\LNAFZSCV\Chen et al. - 2026 - CO2 emission regulation and generation allocation with heterogeneous coal-fired generators.pdf
113,P0994,completed_refined,102,80,Venture capital exit after venture IPO,Strategic Entrepreneurship Journal,2025,实证,Business Administration,,C:\Users\Hi\Zotero\storage\FKXE7VY2\Li et al. - 2025 - Venture capital exit after venture IPO.pdf
114,P1044,completed_refined,102,76,公司创业投资：文献述评与研究展望,管理世界,2021,博弈论/理论模型,Business Administration,,C:\Users\Hi\Zotero\storage\3QDX2LAZ\公司创业投资：文献述评与研究展望_加里·杜什尼茨基.pdf
115,P1922,completed_refined,99,60,Designing platform incentives for balancing content creation and advertising integration,IEEE Transactions on Engineering Management,2026,博弈论/理论模型,Mates,,C:\Users\Hi\Zotero\storage\7H7TF6UA\Li et al. - 2026 - Designing platform incentives for balancing content creation and advertising integration.pdf
116,P0956,completed_refined,98,70,Consumer Information and Discrimination: Does the Internet Affect the Pricing of New Cars to Women and Minorities?,Quantitative Marketing and Economics,2003,博弈论/理论模型,IO,,C:\Users\Hi\Zotero\storage\GGEUQ4GC\Morton et al. - Consumer Information and Discrimination Does the Internet Affect the Pricing of New Cars to Women a.pdf
117,P1807,completed_refined,98,70,Strategic Disinformation Generation and Detection,,,博弈论/理论模型,Group Discussion,,C:\Users\Hi\Zotero\storage\YMF928D5\Yang and Zhou - Strategic Disinformation Generation and Detection.pdf
118,P1975,completed_refined,98,60,AI agents for economic research,,2025,博弈论/理论模型,Methods,,C:\Users\Hi\Zotero\storage\SU3VDYXD\Korinek - Nber working paper series.pdf
119,P0145,completed_refined,94,76,Chief executive officer power and initial public offering underpricing: Examining the influence of demand‐side cultural power distance,Global Strategy Journal,2021,实证,Business Administration,,C:\Users\Hi\Zotero\storage\PQMFMNZ4\Krause et al. - 2021 - Chief executive officer power and initial public offering underpricing Examining the influence of d.pdf
120,P0152,completed_refined,94,76,Partnering with Leviathan: The politics of innovation in foreign-host-state joint ventures,Journal of International Business Studies,2021,实证,Business Administration,,C:\Users\Hi\Zotero\storage\83CYS26X\Sun et al. - 2021 - Partnering with Leviathan The politics of innovation in foreign-host-state joint ventures.pdf
121,P0976,completed_refined,94,72,Competitive Bundling,Econometrica,2017,博弈论/理论模型,IO,,C:\Users\Hi\Zotero\storage\5DYWL355\Zhou - 2017 - Competitive Bundling.pdf
122,P2006,completed_refined,94,58,Live-streaming selling modes on a retail platform,Transportation Research Part E: Logistics and Transportation Review,2023,博弈论/理论模型,Climate; Methods,,C:\Users\Hi\Zotero\storage\E7K884CZ\Zhang et al. - 2023 - Live-streaming selling modes on a retail platform.pdf
123,P1925,completed_refined,91,60,When should sellers offer rebates for consumer reviews,Journal of Retailing and Consumer Services,2026,博弈论/理论模型,Mates,,C:\Users\Hi\Zotero\storage\ZG78E72M\Xiao and Dong - 2026 - When should sellers offer rebates for consumer reviews.pdf
124,P1927,completed_refined,91,60,Content moderation and creator incentives mechanism amidst controversial content surges,Omega,2026,博弈论/理论模型,Mates,,C:\Users\Hi\Zotero\storage\PPCI6TAT\Dong et al. - 2026 - Content moderation and creator incentives mechanism amidst controversial content surges.pdf
125,P1935,completed_refined,91,60,抢先还是等待？零售商引入新兴技术的时机与战略分析,中国管理科学,2026,博弈论/理论模型,Mates,,C:\Users\Hi\Zotero\storage\N9TWJICZ\周 et al. - 2026 - 抢先还是等待？零售商引入新兴技术的时机与战略分析.pdf
126,P1962,completed_refined,91,60,Games on multiplex networks,SSRN Electronic Journal,2026,博弈论/理论模型,Frontier,,C:\Users\Hi\Zotero\storage\QFHUT4MF\Zenou and Zhou - 2026 - Games on multiplex networks.pdf
127,P0260,skipped_scope,90,80,"Angel funding and entrepreneurs' well-being: The mediating role of autonomy, competence, and relatedness",Journal of Business Venturing,2025,混合方法,Business Administration,,"C:\Users\Hi\Zotero\storage\VYTHAXCX\Schmidt et al. - 2025 - Angel funding and entrepreneurs' well-being The mediating role of autonomy, competence, and related.pdf"
128,P0313,completed_refined,90,70,产业链风险与中国企业自主创新突破,Biochemical and Biophysical Research Communications,1975,博弈论/理论模型,Business Administration; Graduation Thesis,,C:\Users\Hi\Zotero\storage\V5C8P3FS\Smith and Bryant - 1975 - Metal substitutions incarbonic anhydrase a halide ion probe study.pdf
129,P0960,completed_refined,90,70,What Drives Media Slant? Evidence From U.S. Daily Newspapers,Econometrica,2010,实证,IO,,C:\Users\Hi\Zotero\storage\T5UQVLS7\2010 - What Drives Media Slant Evidence From U.S. Daily Newspapers.pdf
130,P0977,completed_refined,90,70,Competition and Collusion in the American Automobile Industry: The 1955 Price War,The Journal of Industrial Economics,1987,博弈论/理论模型,IO,,C:\Users\Hi\Zotero\storage\7N98ZERL\Bresnahan - 1987 - Competition and Collusion in the American Automobile Industry The 1955 Price War.pdf
131,P1877,completed_refined,90,70,"Privacy Regulations, Consumer Empowerment, and Versioning",,,博弈论/理论模型,Group Discussion,,C:\Users\Hi\Zotero\storage\TNQ4RSV3\ssrn-5259734.pdf
132,P1910,completed_refined,90,70,Personalized pricing in the presence of privacy concerns,,,博弈论/理论模型,Group Discussion,,C:\Users\Hi\Zotero\storage\M5J26E7Y\Chen and Zhang - Personalized pricing in the presence of privacy concerns.pdf
133,P0156,completed_refined,88,73,Rapid expansion of international new ventures across institutional distance,Journal of International Business Studies,2018,实证,Business Administration,,C:\Users\Hi\Zotero\storage\BMBP3FU3\Deng et al. - 2018 - Rapid expansion of international new ventures across institutional distance.pdf
134,P1571,completed_refined,86,69,Algorithmic Pricing and Competition: Empirical Evidence from the German Retail Gasoline Market,Journal of Political Economy,2024,混合方法,Group Discussion,DUP013,C:\Users\Hi\Zotero\storage\PZCKCHDH\ASSAD~1.PDF
135,P1913,completed_refined,86,78,"Optimizing electric carsharing system operations and battery management: integrating V2g, B2g and battery swapping strategies",,2023,算法/优化/运筹模型,Group Discussion,,"C:\Users\Hi\Zotero\storage\BQTHTCIP\Yang et al. - 2023 - Optimizing electric carsharing system operations and battery management integrating V2g, B2g and ba.PDF"
136,P0176,completed_refined,83,63,Automated Enforcement and Traffic Safety,SSRN Electronic Journal,2023,实证,Empirical,DUP007,C:\Users\Hi\Zotero\storage\QD65A5NE\Cheng et al. - 2023 - Automated Enforcement and Traffic Safety.pdf
137,P0954,completed_refined,82,70,Are Durable Goods Consumers Forward-Looking - Evidence from College Textbooks,,,实证,IO,,C:\Users\Hi\Zotero\storage\MKMVI6ZJ\Are Durable Goods Consumers Forward-Looking - Evidence from College Textbooks.pdf
138,P1491,completed_refined,82,56,企业创新信号与政府风险投资——基于制度逻辑视角,管理学季刊,2021,博弈论/理论模型,Logic,,C:\Users\Hi\Zotero\storage\ZEAJZSIN\陈 et al. - 2021 - 企业创新信号与政府风险投资——基于制度逻辑视角.pdf
139,P1564,completed_refined,82,70,Free Entry and Social Inefficiency in Radio Broadcasting,The RAND Journal of Economics,1999,实证,IO,,C:\Users\Hi\Zotero\storage\6FLZLGKR\Berry and Waldfogel - 1999 - Free Entry and Social Inefficiency in Radio Broadcasting.pdf
140,P0148,completed_refined,80,75,Entrepreneurial ecosystems: what we know and where we move as we build an understanding of China,Entrepreneurship & Regional Development,2020,混合方法,Business Administration,,C:\Users\Hi\Zotero\storage\PCY2BAAU\Chen et al. - 2020 - Entrepreneurial ecosystems what we know and where we move as we build an understanding of China.pdf
141,P0154,completed_refined,80,75,Political Status and Tax Haven Investment of Emerging Market Firms: Evidence from China,Journal of Business Ethics,2020,混合方法,Business Administration,,C:\Users\Hi\Zotero\storage\JYC5QGKD\Deng et al. - 2020 - Political Status and Tax Haven Investment of Emerging Market Firms Evidence from China.pdf
142,P1144,completed_refined,80,59,Organized Crime and Economic Growth: Evidence from Municipalities Infiltrated by the Mafia,American Economic Review,2024,实证,Economics,,C:\Users\Hi\Zotero\storage\C5KMCVKJ\Fenizia and Saggio - NBER WORKING PAPER SERIES.pdf
143,P1553,completed_refined,80,55,不对称信息下的供应链管理研究综述与展望,物流研究,2020,博弈论/理论模型,Theory/Review,,C:\Users\Hi\Zotero\storage\W2JMXDWJ\关 and 李 - 2020 - 不对称信息下的供应链管理研究综述与展望.pdf
144,P1994,completed_refined,80,59,The public cost of extreme climate: empirical evidence from China's urban investment bonds,Cities,2024,实证,Climate,,C:\Users\Hi\Zotero\storage\XE2XNLRL\Zhang et al. - 2024 - The public cost of extreme climate empirical evidence from China's urban investment bonds.pdf
145,P1999,completed_refined,80,59,Valuing high temperature's fiscal costs: evidence from China,Economic Analysis and Policy,2024,实证,Climate,,C:\Users\Hi\Zotero\storage\AAS9ZE2F\Qi et al. - 2024 - Valuing high temperature's fiscal costs evidence from China.pdf
146,P1043,completed_refined,78,74,CVC与IVC谁更能促进初创企业创新?,管理工程学报,2019,综述/概念,Business Administration,,C:\Users\Hi\Zotero\storage\L2YI88XP\CVC与IVC谁更能促进初创企业创新__薛超凯.pdf
147,P2026,completed_refined,78,60,GENERATIVE AI IN EQUILIBRIUM: EVIDENCE FROM A CREATIVE GOODS MARKETPLACE,,2025,混合方法,Frontier,,C:\Users\Hi\Zotero\storage\34MT8TW2\Goldberg和Lam - 2025 - GENERATIVE AI IN EQUILIBRIUM EVIDENCE FROM A CREATIVE GOODS MARKETPLACE.pdf
148,P0124,completed_refined,77,65,When Persuasion Is Too Persuasive: An Empirical Analysis of Product Returns in Livestream E-Commerce,,,实证,Empirical,,C:\Users\Hi\Zotero\storage\RCTXT4FM\Feng et al. - When Persuasion Is Too Persuasive An Empirical Analysis of Product Returns in Livestream E-Commerce.pdf
149,P0305,completed_refined,77,65,Are Firms Voluntarily Disclosing Emissions Greener?,,,实证,Empirical,,C:\Users\Hi\Zotero\storage\TQ33GC3V\Shi et al. - Are Firms Voluntarily Disclosing Emissions Greener.pdf
150,P1409,completed_refined,77,65,Does Employing Skilled Immigrants Enhance Competitive Performance? Evidence from European Football Clubs,,,实证,Empirical,,C:\Users\Hi\Zotero\storage\WHI64AIW\Glennon et al. - Does Employing Skilled Immigrants Enhance Competitive Performance Evidence from European Football C.pdf
151,P0955,completed_refined,76,73,"Why Is Pollution from US Manufacturing Declining? The Roles of Environmental Regulation, Productivity, and Trade",American Economic Review,2018,混合方法,IO,,"C:\Users\Hi\Zotero\storage\H96HHVJU\Shapiro and Walker - 2018 - Why Is Pollution from US Manufacturing Declining The Roles of Environmental Regulation, Productivit.pdf"
152,P0966,completed_refined,76,62,Scalable Price Targeting,SSRN Electronic Journal,2017,实证,IO,DUP009,C:\Users\Hi\Zotero\storage\GHLLLHS2\Dubb and Misra - 2017 - Scalable Price Targeting.pdf
153,P1399,completed_refined,76,57,How state and market logics influence firm strategy from within and outside? Evidence from Chinese financial intermediary firms,Asia Pacific Journal of Management,2022,实证,Logic,,C:\Users\Hi\Zotero\storage\QS486CD4\He et al. - 2022 - How state and market logics influence firm strategy from within and outside Evidence from Chinese f.pdf
154,P1997,completed_refined,76,57,Blue sky defense in low-carbon pilot cities: a spatial spillover perspective of carbon emission efficiency,Science of The Total Environment,2022,实证,Climate,,C:\Users\Hi\Zotero\storage\ZQF7WBG7\Du et al. - 2022 - Blue sky defense in low-carbon pilot cities a spatial spillover perspective of carbon emission effi.pdf
155,P0975,completed_refined,74,72,Understanding the Price Effects of the MillerCoors Joint Venture,Econometrica,2017,混合方法,IO,,C:\Users\Hi\Zotero\storage\SK8684IF\Miller and Weinberg - 2017 - Understanding the Price Effects of the MillerCoors Joint Venture.pdf
156,P1035,completed_refined,74,58,Process Flexibility: A Distribution-Free Approach to Long Chain Resilience,SSRN Electronic Journal,2023,算法/优化/运筹模型,Model,,C:\Users\Hi\Zotero\storage\4Z63U5FL\Chen et al. - 2023 - Process Flexibility A Distribution-Free Approach to Long Chain Resilience.pdf
157,P1145,completed_refined,74,56,Reallocation Effects of the Minimum Wage,The Quarterly Journal of Economics,2021,实证,Economics,,C:\Users\Hi\Zotero\storage\8X5KTM5X\Dustmann et al. - 2021 - Reallocation Effects of the Minimum Wage.pdf
158,P1470,completed_refined,74,52,Institutional Logics,,2017,博弈论/理论模型,Logic,,C:\Users\Hi\Zotero\storage\6UXA6L7H\Haveman and Gualtieri - 2017 - Institutional Logics.pdf
159,P0989,completed_refined,72,55,Watering Down Environmental Regulation in China*,The Quarterly Journal of Economics,2020,实证,Economics,,C:\Users\Hi\Zotero\storage\RX8JZPUK\He et al. - 2020 - Watering Down Environmental Regulation in China.pdf
160,P0067,completed_refined,70,50,The Bright Side of Supplier Encroachment,,,博弈论/理论模型,Classic,,C:\Users\Hi\Zotero\storage\DEUMHIUK\The Bright Side of Supplier Encroachment.pdf
161,P1024,skipped_scope,70,60,What makes PhD students happy? Good supervision,Nature,2025,综述/概念,Management Science,,C:\Users\Hi\Zotero\storage\2CKEBAY7\2025 - What makes PhD students happy Good supervision.pdf
162,P1376,completed_refined,70,70,A Study of Cartel Stability: The Joint Economic Committee,The Bell Journal of Economics,1982,混合方法,IO,,C:\Users\Hi\Zotero\storage\5S96E4NP\content.pdf
163,P1400,completed_refined,70,50,The Iron Cage Revisited: Institutional Isomorphism and Collective Rationality in Organizational Fields,American Sociological Review,1983,博弈论/理论模型,Coercive Isomorphism,,C:\Users\Hi\Zotero\storage\XBUBEWBC\DiMaggio and Powell - 1983 - The Iron Cage Revisited Institutional Isomorphism and Collective Rationality in Organizational Fiel.pdf
164,P1559,completed_refined,70,70,Entry and Competition in Concentrated Markets,Journal of Political Economy,1991,混合方法,IO,,C:\Users\Hi\Zotero\storage\G6BFIRBP\Bresnahan and Reiss - 1991 - Entry and Competition in Concentrated Markets.pdf
165,P1567,completed_refined,70,70,The Evolution of Brand Preferences: Evidence from Consumer Migration,The American Economic Review,2012,混合方法,IO,,C:\Users\Hi\Zotero\storage\BQ9QN74D\Bronnenberg et al. - 2012 - The Evolution of Brand Preferences Evidence from Consumer Migration.pdf
166,P1383,completed_refined,66,58,中国企业制度逻辑本土化研究展望：以中国风险投资行业公私互动为例,管理学季刊,2023,暂无法判断,Logic,,C:\Users\Hi\Zotero\storage\29UBA5RH\中国企业制度逻辑本土化研究展望：以中国风险投资行业公私互动为例_陈晋.pdf
167,P1462,completed_refined,66,58,制度逻辑理论与中国实践：对创业研究的启示,管理学季刊,2023,暂无法判断,Logic,,C:\Users\Hi\Zotero\storage\BQMRDWRW\郝 - 2023 - 制度逻辑理论与中国实践：对创业研究的启示.pdf
168,P1317,completed_refined,62,50,医院生产函数与需求函数的估计,,,实证,Economics,,C:\Users\Hi\Zotero\storage\9PWN6PZ9\董展育-2025-医院生产函数与需求函数的估.pdf
169,P1522,completed_refined,62,50,"Corporate Venture Capital, Value Creation, and Innovation",Review of Financial Studies,2014,实证,CVC Investment Logic,,"C:\Users\Hi\Zotero\storage\KS9A6C8K\Chemmanur et al. - 2014 - Corporate Venture Capital, Value Creation, and Innovation.pdf"
170,P1660,completed_refined,62,50,Digital Distractions with Peer Influence: The Impact of Mobile App Usage on Academic and Labor Market Outcomes,,,实证,Economics,,C:\Users\Hi\Zotero\storage\QBL3A8IH\Jia et al. - Digital Distractions with Peer Influence The Impact of Mobile App Usage on Academic and Labor Marke.pdf
171,P1472,completed_refined,60,55,Institutional logics and social enterprises: Entry mode choices of foreign hospitals in China,Journal of World Business,2020,混合方法,Logic,,C:\Users\Hi\Zotero\storage\CZJR2CBA\Xing et al. - 2020 - Institutional logics and social enterprises Entry mode choices of foreign hospitals in China.pdf
172,P1477,completed_refined,58,54,中国特色社会主义市场经济:有为政府+有效市场,经济研究,2019,综述/概念,Logic,,C:\Users\Hi\Zotero\storage\KQBBCPMN\陈 - 2019 - 中国特色社会主义市场经济有为政府+有效市场.pdf
173,P0041,completed_refined,56,53,Constant Job-Allowance Policies for Appointment Scheduling: Asymptotic Optimality and Numerical Analysis,SSRN Electronic Journal,2018,算法/优化/运筹模型,Model,,C:\Users\Hi\Zotero\storage\QXMJ77IY\Zhou et al. - 2018 - Constant Job-Allowance Policies for Appointment Scheduling Asymptotic Optimality and Numerical Anal.pdf
174,P1505,completed_refined,56,53,Corporate venture capital as a real option in the markets for technology,Strategic Management Journal,2018,混合方法,CVC Investment Logic,,C:\Users\Hi\Zotero\storage\XHG5LZKE\Ceccagnoli et al. - 2018 - Corporate venture capital as a real option in the markets for technology.pdf
175,P0033,completed_refined,54,52,Managing Appointment-Based Services in the Presence of Walk-In Customers,SSRN Electronic Journal,2017,算法/优化/运筹模型,Model,,C:\Users\Hi\Zotero\storage\L4Y4C8TK\Wang et al. - 2017 - Managing Appointment-Based Services in the Presence of Walk-In Customers.pdf
176,P0962,completed_refined,52,40,Automobile Prices in Market Equilibrium,Econometrica,1995,实证,,DUP010,C:\Users\Hi\Zotero\storage\Y72I2RN7\Berry et al. - 1995 - Automobile Prices in Market Equilibrium.pdf
177,P0055,completed_refined,50,50,A Nonparametric Asymptotic Analysis of Inventory Planning with Censored Demand,,,算法/优化/运筹模型,Classic,,C:\Users\Hi\Zotero\storage\547L3DBA\A Nonparametric Asymptotic Analysis of Inventory Planning with Censored Demand.pdf
178,P0137,completed_refined,50,50,A Cluster-Based Context-Tree Model for Multivariate Data Streams with Applications to Anomaly Detection,INFORMS Journal on Computing,2011,综述/概念,Algorithm,,C:\Users\Hi\Zotero\storage\XC9KJ626\Brice et al. - 2011 - A Cluster-Based Context-Tree Model for Multivariate Data Streams with Applications to Anomaly Detect.pdf
179,P1397,deferred,50,50,Institutional Logics,,2008,混合方法,Logic,,C:\Users\Hi\Zotero\storage\EN42CT2A\Thornton and Ocasio - 2008 - Institutional Logics.pdf
180,P1484,completed_refined,50,50,Propensity Score-Matching Methods for Nonexperimental Causal Studies,Review of Economics and Statistics,2002,混合方法,Reference,,C:\Users\Hi\Zotero\storage\VYFQRPV8\Dehejia and Wahba - 2002 - Propensity Score-Matching Methods for Nonexperimental Causal Studies.pdf
181,P1496,skipped_scope,50,50,"Corporate Venture Capital (CVC) Seeking Innovation and Strategic Growth: Recent Patterns in CVC Mission, Structure and Investment",,2008,综述/概念,CVC Investment Logic,,C:\Users\Hi\Zotero\storage\BURL8GN3\MacMillan et al. - Corporate Venture Capital (CVC) Seeking Innovation and Strategic Growth Recent Patterns in CVC Miss.pdf
182,P1555,completed_refined,50,50,随机需求下基于库存责任期的装配系统准时供货模型,系统工程理论与实践,2013,算法/优化/运筹模型,Model,,C:\Users\Hi\Zotero\storage\QA9EBR37\关 et al. - 2013 - 随机需求下基于库存责任期的装配系统准时供货模型.pdf
183,P0086,deferred,44,37,因果推断经验研究中的中介效应与调节效应,中国工业经济,2022,暂无法判断,Methods,,C:\Users\Hi\Zotero\storage\SM2A2C2Q\因果推断经验研究中的中介效应与调节效应.pdf
184,P0330,deferred,30,30,The Economy of Instituted Process,,,暂无法判断,Economics,,C:\Users\Hi\Zotero\storage\CA32YE3E\Polanyi - 2018 - The Economy as Instituted Process.pdf
185,P1398,deferred,30,30,The new institutionalism in organizational analysis,,2010,暂无法判断,Logic,,C:\Users\Hi\Zotero\storage\HGCINNA2\BringingSocietyBackIn1 (1).pdf
